{
	"info": {
		"_postman_id": "f7778c05-adcd-44b4-84f3-6e5644f20c4e",
		"name": "concurrency-code-challenge",
		"schema": "https://schema.getpostman.com/json/collection/v2.1.0/collection.json",
		"_exporter_id": "4045977"
	},
	"item": [
		{
			"name": "concurrency-code-challenge",
			"item": [
				{
					"name": "orders/submit - SELL",
					"request": {
						"method": "POST",
						"header": [],
						"body": {
							"mode": "raw",
							"raw": "{\n  \"orderType\":\"SELL\"\n ,\"price\":100\n ,\"quantity\":10\n}",
							"options": {
								"raw": {
									"language": "json"
								}
							}
						},
						"url": {
							"raw": "http://localhost:8080/orders/submit",
							"protocol": "http",
							"host": [
								"localhost"
							],
							"port": "8080",
							"path": [
								"orders",
								"submit"
							]
						}
					},
					"response": []
				},
				{
					"name": "orders/submit - BUY",
					"request": {
						"method": "POST",
						"header": [],
						"body": {
							"mode": "raw",
							"raw": "{\n  \"orderType\":\"BUY\"\n ,\"price\":100\n ,\"quantity\":10\n}",
							"options": {
								"raw": {
									"language": "json"
								}
							}
						},
						"url": {
							"raw": "http://localhost:8080/orders/submit",
							"protocol": "http",
							"host": [
								"localhost"
							],
							"port": "8080",
							"path": [
								"orders",
								"submit"
							]
						}
					},
					"response": []
				}
			]
		}
	]
}